-- phpMyAdmin SQL Dump
-- version 5.2.1
-- https://www.phpmyadmin.net/
--
-- Servidor: 127.0.0.1
-- Tiempo de generación: 27-05-2025 a las 03:44:29
-- Versión del servidor: 10.4.32-MariaDB
-- Versión de PHP: 8.2.12

SET SQL_MODE = "NO_AUTO_VALUE_ON_ZERO";
START TRANSACTION;
SET time_zone = "+00:00";


/*!40101 SET @OLD_CHARACTER_SET_CLIENT=@@CHARACTER_SET_CLIENT */;
/*!40101 SET @OLD_CHARACTER_SET_RESULTS=@@CHARACTER_SET_RESULTS */;
/*!40101 SET @OLD_COLLATION_CONNECTION=@@COLLATION_CONNECTION */;
/*!40101 SET NAMES utf8mb4 */;

--
-- Base de datos: `acta_entrega`
--

-- --------------------------------------------------------

--
-- Estructura de tabla para la tabla `acta_entregas`
--

CREATE TABLE `acta_entregas` (
  `id` bigint(20) UNSIGNED NOT NULL,
  `numero` varchar(20) NOT NULL,
  `id_paciente` varchar(13) NOT NULL,
  `total` decimal(8,2) NOT NULL,
  `estado` varchar(255) NOT NULL DEFAULT '1',
  `created_at` timestamp NULL DEFAULT NULL,
  `updated_at` timestamp NULL DEFAULT NULL
) ENGINE=InnoDB DEFAULT CHARSET=utf8mb4 COLLATE=utf8mb4_unicode_ci;

--
-- Volcado de datos para la tabla `acta_entregas`
--

INSERT INTO `acta_entregas` (`id`, `numero`, `id_paciente`, `total`, `estado`, `created_at`, `updated_at`) VALUES
(3, '0000001', '0951561075', 1.00, '1', '2025-05-08 02:44:59', '2025-05-08 02:44:59'),
(4, '0000002', '0951748596', 7.24, '1', '2025-05-08 02:45:49', '2025-05-08 02:45:49'),
(5, '0000003', '0951561075', 0.10, '1', '2025-05-08 02:51:32', '2025-05-08 02:51:32'),
(6, '0000004', '0951561075', 0.10, '1', '2025-05-08 02:51:54', '2025-05-08 02:51:54'),
(7, '0000005', '0912345678', 0.32, '1', '2025-05-08 02:53:04', '2025-05-08 02:53:04'),
(8, '0000006', '0951561075', 0.42, '1', '2025-05-08 02:54:13', '2025-05-08 02:54:13'),
(9, '0000007', '0951561075', 0.10, '1', '2025-05-08 09:38:10', '2025-05-08 09:38:10'),
(10, '0000008', '0951561075', 0.10, '1', '2025-05-08 09:38:24', '2025-05-08 09:38:24'),
(11, '0000009', '0951561075', 0.10, '1', '2025-05-08 09:39:22', '2025-05-08 09:39:22'),
(12, '0000010', '0951561075', 0.10, '1', '2025-05-08 09:40:25', '2025-05-08 09:40:25'),
(13, '0000011', '0951561075', 0.10, '1', '2025-05-08 09:40:42', '2025-05-08 09:40:42'),
(14, '0000012', '0951561075', 0.10, '1', '2025-05-08 09:41:24', '2025-05-08 09:41:24'),
(15, '0000013', '0951748596', 17.50, '1', '2025-05-08 09:42:14', '2025-05-08 09:42:14'),
(16, '0000014', '0951748596', 17.50, '1', '2025-05-08 09:42:53', '2025-05-08 09:42:53'),
(17, '0000015', '0951748596', 17.82, '1', '2025-05-08 09:42:56', '2025-05-08 09:42:56'),
(18, '0000016', '0951561075', 145.20, '1', '2025-05-13 07:58:27', '2025-05-13 07:58:27'),
(19, '0000017', '0951561075', 2.10, '1', '2025-05-13 08:02:41', '2025-05-13 08:02:41'),
(20, '0000018', '0951561075', 2.10, '1', '2025-05-13 09:35:23', '2025-05-13 09:35:23'),
(21, '0000019', '0951561075', 2.10, '1', '2025-05-13 09:35:34', '2025-05-13 09:35:34'),
(22, '0000020', '0951561075', 2.10, '1', '2025-05-13 09:39:02', '2025-05-13 09:39:02'),
(23, '0000021', '0951561075', 2.10, '1', '2025-05-13 09:43:44', '2025-05-13 09:43:44'),
(24, '0000022', '0951561075', 2.10, '1', '2025-05-13 09:46:20', '2025-05-13 09:46:20'),
(25, '0000023', '0951561075', 2.10, '1', '2025-05-13 09:52:39', '2025-05-13 09:52:39'),
(26, '0000024', '0951561075', 2.10, '1', '2025-05-13 09:54:00', '2025-05-13 09:54:00'),
(27, '0000025', '0951561075', 2.10, '1', '2025-05-13 09:55:55', '2025-05-13 09:55:55'),
(28, '0000026', '0951561075', 2.10, '1', '2025-05-13 09:58:24', '2025-05-13 09:58:24'),
(29, '0000027', '0951561075', 2.10, '1', '2025-05-13 10:00:23', '2025-05-13 10:00:23'),
(30, '0000028', '0951561075', 2.10, '1', '2025-05-13 10:01:03', '2025-05-13 10:01:03'),
(31, '0000029', '0951561075', 2.10, '1', '2025-05-13 10:02:04', '2025-05-13 10:02:04'),
(32, '0000030', '0951561075', 2.10, '1', '2025-05-13 10:03:16', '2025-05-13 10:03:16'),
(33, '0000031', '0951561075', 2.10, '1', '2025-05-13 10:03:32', '2025-05-13 10:03:32'),
(34, '0000032', '0951561075', 2.10, '1', '2025-05-13 10:05:09', '2025-05-13 10:05:09'),
(35, '0000033', '0951561075', 2.10, '1', '2025-05-13 10:12:31', '2025-05-13 10:12:31'),
(36, '0000034', '0951561075', 2.10, '1', '2025-05-13 10:13:44', '2025-05-13 10:13:44'),
(37, '0000035', '0951561075', 2.10, '1', '2025-05-13 10:15:04', '2025-05-13 10:15:04'),
(38, '0000036', '0951561075', 2.10, '1', '2025-05-13 10:15:25', '2025-05-13 10:15:25'),
(39, '0000037', '0951561075', 2.10, '1', '2025-05-13 10:15:44', '2025-05-13 10:15:44'),
(40, '0000038', '0951561075', 2.10, '1', '2025-05-13 10:16:16', '2025-05-13 10:16:16'),
(41, '0000039', '0951561075', 2.10, '1', '2025-05-13 10:16:36', '2025-05-13 10:16:36'),
(42, '0000040', '0951561075', 2.10, '1', '2025-05-13 10:16:51', '2025-05-13 10:16:51'),
(43, '0000041', '0951561075', 2.10, '1', '2025-05-13 10:17:47', '2025-05-13 10:17:47'),
(44, '0000042', '0951561075', 2.10, '1', '2025-05-13 10:19:10', '2025-05-13 10:19:10'),
(45, '0000043', '0951561075', 2.10, '1', '2025-05-13 10:20:31', '2025-05-13 10:20:31'),
(46, '0000044', '0951561075', 2.10, '1', '2025-05-13 10:21:35', '2025-05-13 10:21:35'),
(47, '0000045', '0951561075', 2.10, '1', '2025-05-13 10:21:55', '2025-05-13 10:21:55'),
(48, '0000046', '0951561075', 2.10, '1', '2025-05-13 10:22:14', '2025-05-13 10:22:14'),
(49, '0000047', '0951561075', 2.10, '1', '2025-05-13 10:24:57', '2025-05-13 10:24:57'),
(50, '0000048', '0951561075', 2.10, '1', '2025-05-13 10:25:16', '2025-05-13 10:25:16'),
(51, '0000049', '0951561075', 2.10, '1', '2025-05-13 10:25:33', '2025-05-13 10:25:33'),
(52, '0000050', '0951561075', 2.10, '1', '2025-05-13 10:25:58', '2025-05-13 10:25:58'),
(53, '0000051', '0951561075', 2.10, '1', '2025-05-13 10:29:05', '2025-05-13 10:29:05'),
(54, '0000052', '0951561075', 2.10, '1', '2025-05-13 10:32:48', '2025-05-13 10:32:48'),
(55, '0000053', '0951561075', 2.10, '1', '2025-05-13 10:33:38', '2025-05-13 10:33:38'),
(56, '0000054', '0951561075', 2.10, '1', '2025-05-13 10:33:50', '2025-05-13 10:33:50'),
(57, '0000055', '0951561075', 2.10, '1', '2025-05-13 10:34:10', '2025-05-13 10:34:10'),
(58, '0000056', '0951561075', 2.10, '1', '2025-05-13 10:34:25', '2025-05-13 10:34:25'),
(59, '0000057', '0951561075', 2.10, '1', '2025-05-13 10:34:35', '2025-05-13 10:34:35'),
(60, '0000058', '0951561075', 2.10, '1', '2025-05-13 10:35:36', '2025-05-13 10:35:36'),
(61, '0000059', '0951561075', 2.10, '1', '2025-05-13 10:35:57', '2025-05-13 10:35:57'),
(62, '0000060', '0951561075', 2.10, '1', '2025-05-13 10:36:07', '2025-05-13 10:36:07'),
(63, '0000061', '0951561075', 2.10, '1', '2025-05-13 10:36:20', '2025-05-13 10:36:20'),
(64, '0000062', '0951561075', 2.10, '1', '2025-05-13 10:36:49', '2025-05-13 10:36:49'),
(65, '0000063', '0951561075', 2.10, '1', '2025-05-13 10:37:45', '2025-05-13 10:37:45'),
(66, '0000064', '0951561075', 2.10, '1', '2025-05-13 10:38:19', '2025-05-13 10:38:19'),
(67, '0000065', '0951561075', 2.10, '1', '2025-05-13 10:38:51', '2025-05-13 10:38:51'),
(68, '0000066', '0951561075', 2.10, '1', '2025-05-13 10:39:16', '2025-05-13 10:39:16'),
(69, '0000067', '0951561075', 2.10, '1', '2025-05-13 10:40:43', '2025-05-13 10:40:43'),
(70, '0000068', '0951561075', 2.10, '1', '2025-05-13 10:41:52', '2025-05-13 10:41:52'),
(71, '0000069', '0951561075', 2.10, '1', '2025-05-13 10:42:32', '2025-05-13 10:42:32'),
(72, '0000070', '0951561075', 0.10, '1', '2025-05-14 10:00:17', '2025-05-14 10:00:17'),
(73, '0000071', '0951561075', 0.10, '1', '2025-05-14 10:02:13', '2025-05-14 10:02:13'),
(74, '0000072', '0951561075', 0.10, '1', '2025-05-14 10:03:15', '2025-05-14 10:03:15'),
(75, '0000073', '0951561075', 0.10, '1', '2025-05-14 10:04:03', '2025-05-14 10:04:03'),
(76, '0000074', '0951561075', 0.10, '1', '2025-05-14 10:05:26', '2025-05-14 10:05:26'),
(77, '0000075', '0951561075', 0.10, '1', '2025-05-14 10:05:48', '2025-05-14 10:05:48'),
(78, '0000076', '0951561075', 0.10, '1', '2025-05-14 10:06:10', '2025-05-14 10:06:10'),
(79, '0000077', '0951561075', 0.10, '1', '2025-05-14 10:06:46', '2025-05-14 10:06:46'),
(80, '0000078', '0951561075', 0.10, '1', '2025-05-14 10:07:23', '2025-05-14 10:07:23'),
(81, '0000079', '0951561075', 0.10, '1', '2025-05-14 10:08:04', '2025-05-14 10:08:04'),
(82, '0000080', '0951561075', 0.10, '1', '2025-05-14 10:08:18', '2025-05-14 10:08:18'),
(83, '0000081', '0951561075', 0.10, '1', '2025-05-14 10:08:30', '2025-05-14 10:08:30'),
(84, '0000082', '0951561075', 0.10, '1', '2025-05-14 10:09:02', '2025-05-14 10:09:02'),
(85, '0000083', '0951561075', 0.10, '1', '2025-05-14 10:10:16', '2025-05-14 10:10:16'),
(86, '0000084', '0951561075', 0.10, '1', '2025-05-14 10:10:37', '2025-05-14 10:10:37'),
(87, '0000085', '0951561075', 0.10, '1', '2025-05-14 10:10:56', '2025-05-14 10:10:56'),
(88, '0000086', '0951561075', 0.10, '1', '2025-05-14 10:11:47', '2025-05-14 10:11:47'),
(89, '0000087', '0951561075', 0.10, '1', '2025-05-14 10:12:32', '2025-05-14 10:12:32'),
(90, '0000088', '0951561075', 0.10, '1', '2025-05-14 10:13:12', '2025-05-14 10:13:12'),
(91, '0000089', '0951561075', 0.10, '1', '2025-05-14 10:14:00', '2025-05-14 10:14:00'),
(92, '0000090', '0951561075', 0.10, '1', '2025-05-14 10:14:20', '2025-05-14 10:14:20'),
(93, '0000091', '0951561075', 0.10, '1', '2025-05-14 10:14:32', '2025-05-14 10:14:32'),
(94, '0000092', '0951561075', 0.62, '1', '2025-05-14 10:15:20', '2025-05-14 10:15:20'),
(95, '0000093', '0951561075', 0.62, '1', '2025-05-14 10:16:21', '2025-05-14 10:16:21'),
(96, '0000094', '0951561075', 0.52, '1', '2025-05-14 10:16:31', '2025-05-14 10:16:31'),
(97, '0000095', '0951561075', 0.52, '1', '2025-05-14 10:16:45', '2025-05-14 10:16:45'),
(98, '0000096', '0951561075', 0.52, '1', '2025-05-14 10:16:53', '2025-05-14 10:16:53'),
(99, '0000097', '0951748596', 1.00, '1', '2025-05-14 19:11:33', '2025-05-14 19:11:33'),
(100, '0000098', '0951748596', 1.00, '1', '2025-05-14 19:12:00', '2025-05-14 19:12:00'),
(101, '0000099', '0951748596', 1.00, '1', '2025-05-14 19:14:10', '2025-05-14 19:14:10'),
(102, '0000100', '0951748596', 1.00, '1', '2025-05-14 19:14:39', '2025-05-14 19:14:39'),
(103, '0000101', '0951748596', 1.00, '1', '2025-05-14 19:14:57', '2025-05-14 19:14:57'),
(104, '0000102', '0951748596', 1.00, '1', '2025-05-14 19:15:21', '2025-05-14 19:15:21'),
(105, '0000103', '0951748596', 1.00, '1', '2025-05-14 19:16:43', '2025-05-14 19:16:43'),
(106, '0000104', '0951748596', 1.00, '1', '2025-05-14 19:17:20', '2025-05-14 19:17:20'),
(107, '0000105', '0951748596', 1.00, '1', '2025-05-14 19:17:55', '2025-05-14 19:17:55'),
(108, '0000106', '0951748596', 1.00, '1', '2025-05-14 19:18:15', '2025-05-14 19:18:15'),
(109, '0000107', '0951748596', 1.00, '1', '2025-05-14 19:18:24', '2025-05-14 19:18:24'),
(110, '0000108', '0951748596', 1.00, '1', '2025-05-14 19:18:35', '2025-05-14 19:18:35'),
(111, '0000109', '0951748596', 1.00, '1', '2025-05-14 19:18:47', '2025-05-14 19:18:47'),
(112, '0000110', '0912345678', 465.28, '1', '2025-05-15 10:13:27', '2025-05-15 10:13:27'),
(113, '0000111', '0951561075', 4688.64, '1', '2025-05-15 10:15:57', '2025-05-15 10:15:57'),
(114, '0000112', '0951561075', 31.40, '1', '2025-05-16 07:56:43', '2025-05-16 07:56:43'),
(115, '0000113', '0951561075', 0.20, '1', '2025-05-16 08:08:04', '2025-05-16 08:08:04'),
(117, '0000114', '0951748596', 105.50, '1', '2025-05-21 23:34:28', '2025-05-21 23:34:28'),
(118, '0000115', '0951561075', 1025.10, '1', '2025-05-27 04:33:56', '2025-05-27 04:33:56');

-- --------------------------------------------------------

--
-- Estructura de tabla para la tabla `acta_entrega_detalles`
--

CREATE TABLE `acta_entrega_detalles` (
  `id` bigint(20) UNSIGNED NOT NULL,
  `id_acta_entrega` bigint(20) UNSIGNED NOT NULL,
  `id_medicina` bigint(20) UNSIGNED NOT NULL,
  `cantidad` int(11) NOT NULL,
  `precio` decimal(8,2) NOT NULL,
  `total` decimal(8,2) NOT NULL,
  `estado` varchar(255) NOT NULL DEFAULT '1',
  `created_at` timestamp NULL DEFAULT NULL,
  `updated_at` timestamp NULL DEFAULT NULL
) ENGINE=InnoDB DEFAULT CHARSET=utf8mb4 COLLATE=utf8mb4_unicode_ci;

--
-- Volcado de datos para la tabla `acta_entrega_detalles`
--

INSERT INTO `acta_entrega_detalles` (`id`, `id_acta_entrega`, `id_medicina`, `cantidad`, `precio`, `total`, `estado`, `created_at`, `updated_at`) VALUES
(1, 3, 1, 10, 0.10, 1.00, '1', '2025-05-08 02:44:59', '2025-05-08 02:44:59'),
(2, 4, 1, 10, 0.10, 1.00, '1', '2025-05-08 02:45:49', '2025-05-08 02:45:49'),
(3, 4, 3, 12, 0.32, 3.84, '1', '2025-05-08 02:45:49', '2025-05-08 02:45:49'),
(4, 4, 2, 12, 0.20, 2.40, '1', '2025-05-08 02:45:49', '2025-05-08 02:45:49'),
(5, 5, 1, 1, 0.10, 0.10, '1', '2025-05-08 02:51:32', '2025-05-08 02:51:32'),
(6, 6, 1, 1, 0.10, 0.10, '1', '2025-05-08 02:51:54', '2025-05-08 02:51:54'),
(7, 7, 3, 1, 0.32, 0.32, '1', '2025-05-08 02:53:04', '2025-05-08 02:53:04'),
(8, 8, 1, 1, 0.10, 0.10, '1', '2025-05-08 02:54:13', '2025-05-08 02:54:13'),
(9, 8, 3, 1, 0.32, 0.32, '1', '2025-05-08 02:54:13', '2025-05-08 02:54:13'),
(10, 9, 1, 1, 0.10, 0.10, '1', '2025-05-08 09:38:10', '2025-05-08 09:38:10'),
(11, 10, 1, 1, 0.10, 0.10, '1', '2025-05-08 09:38:24', '2025-05-08 09:38:24'),
(12, 11, 1, 1, 0.10, 0.10, '1', '2025-05-08 09:39:22', '2025-05-08 09:39:22'),
(13, 12, 1, 1, 0.10, 0.10, '1', '2025-05-08 09:40:25', '2025-05-08 09:40:25'),
(14, 13, 1, 1, 0.10, 0.10, '1', '2025-05-08 09:40:42', '2025-05-08 09:40:42'),
(15, 14, 1, 1, 0.10, 0.10, '1', '2025-05-08 09:41:24', '2025-05-08 09:41:24'),
(16, 15, 2, 10, 0.20, 2.00, '1', '2025-05-08 09:42:14', '2025-05-08 09:42:14'),
(17, 15, 1, 155, 0.10, 15.50, '1', '2025-05-08 09:42:14', '2025-05-08 09:42:14'),
(18, 16, 2, 10, 0.20, 2.00, '1', '2025-05-08 09:42:53', '2025-05-08 09:42:53'),
(19, 16, 1, 155, 0.10, 15.50, '1', '2025-05-08 09:42:53', '2025-05-08 09:42:53'),
(20, 17, 2, 10, 0.20, 2.00, '1', '2025-05-08 09:42:56', '2025-05-08 09:42:56'),
(21, 17, 1, 155, 0.10, 15.50, '1', '2025-05-08 09:42:56', '2025-05-08 09:42:56'),
(22, 17, 3, 1, 0.32, 0.32, '1', '2025-05-08 09:42:56', '2025-05-08 09:42:56'),
(23, 18, 1, 1452, 0.10, 145.20, '1', '2025-05-13 07:58:27', '2025-05-13 07:58:27'),
(24, 19, 1, 1, 0.10, 0.10, '1', '2025-05-13 08:02:41', '2025-05-13 08:02:41'),
(25, 19, 2, 10, 0.20, 2.00, '1', '2025-05-13 08:02:41', '2025-05-13 08:02:41'),
(26, 20, 1, 1, 0.10, 0.10, '1', '2025-05-13 09:35:23', '2025-05-13 09:35:23'),
(27, 20, 2, 10, 0.20, 2.00, '1', '2025-05-13 09:35:23', '2025-05-13 09:35:23'),
(28, 21, 1, 1, 0.10, 0.10, '1', '2025-05-13 09:35:34', '2025-05-13 09:35:34'),
(29, 21, 2, 10, 0.20, 2.00, '1', '2025-05-13 09:35:34', '2025-05-13 09:35:34'),
(30, 22, 1, 1, 0.10, 0.10, '1', '2025-05-13 09:39:02', '2025-05-13 09:39:02'),
(31, 22, 2, 10, 0.20, 2.00, '1', '2025-05-13 09:39:02', '2025-05-13 09:39:02'),
(32, 23, 1, 1, 0.10, 0.10, '1', '2025-05-13 09:43:44', '2025-05-13 09:43:44'),
(33, 23, 2, 10, 0.20, 2.00, '1', '2025-05-13 09:43:44', '2025-05-13 09:43:44'),
(34, 24, 1, 1, 0.10, 0.10, '1', '2025-05-13 09:46:20', '2025-05-13 09:46:20'),
(35, 24, 2, 10, 0.20, 2.00, '1', '2025-05-13 09:46:20', '2025-05-13 09:46:20'),
(36, 25, 1, 1, 0.10, 0.10, '1', '2025-05-13 09:52:39', '2025-05-13 09:52:39'),
(37, 25, 2, 10, 0.20, 2.00, '1', '2025-05-13 09:52:39', '2025-05-13 09:52:39'),
(38, 26, 1, 1, 0.10, 0.10, '1', '2025-05-13 09:54:00', '2025-05-13 09:54:00'),
(39, 26, 2, 10, 0.20, 2.00, '1', '2025-05-13 09:54:00', '2025-05-13 09:54:00'),
(40, 27, 1, 1, 0.10, 0.10, '1', '2025-05-13 09:55:55', '2025-05-13 09:55:55'),
(41, 27, 2, 10, 0.20, 2.00, '1', '2025-05-13 09:55:55', '2025-05-13 09:55:55'),
(42, 28, 1, 1, 0.10, 0.10, '1', '2025-05-13 09:58:24', '2025-05-13 09:58:24'),
(43, 28, 2, 10, 0.20, 2.00, '1', '2025-05-13 09:58:24', '2025-05-13 09:58:24'),
(44, 29, 1, 1, 0.10, 0.10, '1', '2025-05-13 10:00:23', '2025-05-13 10:00:23'),
(45, 29, 2, 10, 0.20, 2.00, '1', '2025-05-13 10:00:23', '2025-05-13 10:00:23'),
(46, 30, 1, 1, 0.10, 0.10, '1', '2025-05-13 10:01:03', '2025-05-13 10:01:03'),
(47, 30, 2, 10, 0.20, 2.00, '1', '2025-05-13 10:01:03', '2025-05-13 10:01:03'),
(48, 31, 1, 1, 0.10, 0.10, '1', '2025-05-13 10:02:04', '2025-05-13 10:02:04'),
(49, 31, 2, 10, 0.20, 2.00, '1', '2025-05-13 10:02:04', '2025-05-13 10:02:04'),
(50, 32, 1, 1, 0.10, 0.10, '1', '2025-05-13 10:03:16', '2025-05-13 10:03:16'),
(51, 32, 2, 10, 0.20, 2.00, '1', '2025-05-13 10:03:16', '2025-05-13 10:03:16'),
(52, 33, 1, 1, 0.10, 0.10, '1', '2025-05-13 10:03:32', '2025-05-13 10:03:32'),
(53, 33, 2, 10, 0.20, 2.00, '1', '2025-05-13 10:03:32', '2025-05-13 10:03:32'),
(54, 34, 1, 1, 0.10, 0.10, '1', '2025-05-13 10:05:09', '2025-05-13 10:05:09'),
(55, 34, 2, 10, 0.20, 2.00, '1', '2025-05-13 10:05:09', '2025-05-13 10:05:09'),
(56, 35, 1, 1, 0.10, 0.10, '1', '2025-05-13 10:12:31', '2025-05-13 10:12:31'),
(57, 35, 2, 10, 0.20, 2.00, '1', '2025-05-13 10:12:31', '2025-05-13 10:12:31'),
(58, 36, 1, 1, 0.10, 0.10, '1', '2025-05-13 10:13:44', '2025-05-13 10:13:44'),
(59, 36, 2, 10, 0.20, 2.00, '1', '2025-05-13 10:13:44', '2025-05-13 10:13:44'),
(60, 37, 1, 1, 0.10, 0.10, '1', '2025-05-13 10:15:04', '2025-05-13 10:15:04'),
(61, 37, 2, 10, 0.20, 2.00, '1', '2025-05-13 10:15:04', '2025-05-13 10:15:04'),
(62, 38, 1, 1, 0.10, 0.10, '1', '2025-05-13 10:15:25', '2025-05-13 10:15:25'),
(63, 38, 2, 10, 0.20, 2.00, '1', '2025-05-13 10:15:25', '2025-05-13 10:15:25'),
(64, 39, 1, 1, 0.10, 0.10, '1', '2025-05-13 10:15:44', '2025-05-13 10:15:44'),
(65, 39, 2, 10, 0.20, 2.00, '1', '2025-05-13 10:15:44', '2025-05-13 10:15:44'),
(66, 40, 1, 1, 0.10, 0.10, '1', '2025-05-13 10:16:16', '2025-05-13 10:16:16'),
(67, 40, 2, 10, 0.20, 2.00, '1', '2025-05-13 10:16:16', '2025-05-13 10:16:16'),
(68, 41, 1, 1, 0.10, 0.10, '1', '2025-05-13 10:16:36', '2025-05-13 10:16:36'),
(69, 41, 2, 10, 0.20, 2.00, '1', '2025-05-13 10:16:36', '2025-05-13 10:16:36'),
(70, 42, 1, 1, 0.10, 0.10, '1', '2025-05-13 10:16:51', '2025-05-13 10:16:51'),
(71, 42, 2, 10, 0.20, 2.00, '1', '2025-05-13 10:16:51', '2025-05-13 10:16:51'),
(72, 43, 1, 1, 0.10, 0.10, '1', '2025-05-13 10:17:47', '2025-05-13 10:17:47'),
(73, 43, 2, 10, 0.20, 2.00, '1', '2025-05-13 10:17:47', '2025-05-13 10:17:47'),
(74, 44, 1, 1, 0.10, 0.10, '1', '2025-05-13 10:19:10', '2025-05-13 10:19:10'),
(75, 44, 2, 10, 0.20, 2.00, '1', '2025-05-13 10:19:10', '2025-05-13 10:19:10'),
(76, 45, 1, 1, 0.10, 0.10, '1', '2025-05-13 10:20:31', '2025-05-13 10:20:31'),
(77, 45, 2, 10, 0.20, 2.00, '1', '2025-05-13 10:20:31', '2025-05-13 10:20:31'),
(78, 46, 1, 1, 0.10, 0.10, '1', '2025-05-13 10:21:35', '2025-05-13 10:21:35'),
(79, 46, 2, 10, 0.20, 2.00, '1', '2025-05-13 10:21:35', '2025-05-13 10:21:35'),
(80, 47, 1, 1, 0.10, 0.10, '1', '2025-05-13 10:21:55', '2025-05-13 10:21:55'),
(81, 47, 2, 10, 0.20, 2.00, '1', '2025-05-13 10:21:55', '2025-05-13 10:21:55'),
(82, 48, 1, 1, 0.10, 0.10, '1', '2025-05-13 10:22:14', '2025-05-13 10:22:14'),
(83, 48, 2, 10, 0.20, 2.00, '1', '2025-05-13 10:22:14', '2025-05-13 10:22:14'),
(84, 49, 1, 1, 0.10, 0.10, '1', '2025-05-13 10:24:57', '2025-05-13 10:24:57'),
(85, 49, 2, 10, 0.20, 2.00, '1', '2025-05-13 10:24:57', '2025-05-13 10:24:57'),
(86, 50, 1, 1, 0.10, 0.10, '1', '2025-05-13 10:25:16', '2025-05-13 10:25:16'),
(87, 50, 2, 10, 0.20, 2.00, '1', '2025-05-13 10:25:16', '2025-05-13 10:25:16'),
(88, 51, 1, 1, 0.10, 0.10, '1', '2025-05-13 10:25:33', '2025-05-13 10:25:33'),
(89, 51, 2, 10, 0.20, 2.00, '1', '2025-05-13 10:25:33', '2025-05-13 10:25:33'),
(90, 52, 1, 1, 0.10, 0.10, '1', '2025-05-13 10:25:58', '2025-05-13 10:25:58'),
(91, 52, 2, 10, 0.20, 2.00, '1', '2025-05-13 10:25:58', '2025-05-13 10:25:58'),
(92, 53, 1, 1, 0.10, 0.10, '1', '2025-05-13 10:29:05', '2025-05-13 10:29:05'),
(93, 53, 2, 10, 0.20, 2.00, '1', '2025-05-13 10:29:05', '2025-05-13 10:29:05'),
(94, 54, 1, 1, 0.10, 0.10, '1', '2025-05-13 10:32:48', '2025-05-13 10:32:48'),
(95, 54, 2, 10, 0.20, 2.00, '1', '2025-05-13 10:32:48', '2025-05-13 10:32:48'),
(96, 55, 1, 1, 0.10, 0.10, '1', '2025-05-13 10:33:38', '2025-05-13 10:33:38'),
(97, 55, 2, 10, 0.20, 2.00, '1', '2025-05-13 10:33:38', '2025-05-13 10:33:38'),
(98, 56, 1, 1, 0.10, 0.10, '1', '2025-05-13 10:33:50', '2025-05-13 10:33:50'),
(99, 56, 2, 10, 0.20, 2.00, '1', '2025-05-13 10:33:50', '2025-05-13 10:33:50'),
(100, 57, 1, 1, 0.10, 0.10, '1', '2025-05-13 10:34:10', '2025-05-13 10:34:10'),
(101, 57, 2, 10, 0.20, 2.00, '1', '2025-05-13 10:34:10', '2025-05-13 10:34:10'),
(102, 58, 1, 1, 0.10, 0.10, '1', '2025-05-13 10:34:25', '2025-05-13 10:34:25'),
(103, 58, 2, 10, 0.20, 2.00, '1', '2025-05-13 10:34:25', '2025-05-13 10:34:25'),
(104, 59, 1, 1, 0.10, 0.10, '1', '2025-05-13 10:34:35', '2025-05-13 10:34:35'),
(105, 59, 2, 10, 0.20, 2.00, '1', '2025-05-13 10:34:35', '2025-05-13 10:34:35'),
(106, 60, 1, 1, 0.10, 0.10, '1', '2025-05-13 10:35:36', '2025-05-13 10:35:36'),
(107, 60, 2, 10, 0.20, 2.00, '1', '2025-05-13 10:35:36', '2025-05-13 10:35:36'),
(108, 61, 1, 1, 0.10, 0.10, '1', '2025-05-13 10:35:57', '2025-05-13 10:35:57'),
(109, 61, 2, 10, 0.20, 2.00, '1', '2025-05-13 10:35:57', '2025-05-13 10:35:57'),
(110, 62, 1, 1, 0.10, 0.10, '1', '2025-05-13 10:36:07', '2025-05-13 10:36:07'),
(111, 62, 2, 10, 0.20, 2.00, '1', '2025-05-13 10:36:07', '2025-05-13 10:36:07'),
(112, 63, 1, 1, 0.10, 0.10, '1', '2025-05-13 10:36:20', '2025-05-13 10:36:20'),
(113, 63, 2, 10, 0.20, 2.00, '1', '2025-05-13 10:36:20', '2025-05-13 10:36:20'),
(114, 64, 1, 1, 0.10, 0.10, '1', '2025-05-13 10:36:49', '2025-05-13 10:36:49'),
(115, 64, 2, 10, 0.20, 2.00, '1', '2025-05-13 10:36:49', '2025-05-13 10:36:49'),
(116, 65, 1, 1, 0.10, 0.10, '1', '2025-05-13 10:37:45', '2025-05-13 10:37:45'),
(117, 65, 2, 10, 0.20, 2.00, '1', '2025-05-13 10:37:45', '2025-05-13 10:37:45'),
(118, 66, 1, 1, 0.10, 0.10, '1', '2025-05-13 10:38:19', '2025-05-13 10:38:19'),
(119, 66, 2, 10, 0.20, 2.00, '1', '2025-05-13 10:38:19', '2025-05-13 10:38:19'),
(120, 67, 1, 1, 0.10, 0.10, '1', '2025-05-13 10:38:51', '2025-05-13 10:38:51'),
(121, 67, 2, 10, 0.20, 2.00, '1', '2025-05-13 10:38:51', '2025-05-13 10:38:51'),
(122, 68, 1, 1, 0.10, 0.10, '1', '2025-05-13 10:39:16', '2025-05-13 10:39:16'),
(123, 68, 2, 10, 0.20, 2.00, '1', '2025-05-13 10:39:16', '2025-05-13 10:39:16'),
(124, 69, 1, 1, 0.10, 0.10, '1', '2025-05-13 10:40:43', '2025-05-13 10:40:43'),
(125, 69, 2, 10, 0.20, 2.00, '1', '2025-05-13 10:40:43', '2025-05-13 10:40:43'),
(126, 70, 1, 1, 0.10, 0.10, '1', '2025-05-13 10:41:52', '2025-05-13 10:41:52'),
(127, 70, 2, 10, 0.20, 2.00, '1', '2025-05-13 10:41:52', '2025-05-13 10:41:52'),
(128, 71, 1, 1, 0.10, 0.10, '1', '2025-05-13 10:42:32', '2025-05-13 10:42:32'),
(129, 71, 2, 10, 0.20, 2.00, '1', '2025-05-13 10:42:32', '2025-05-13 10:42:32'),
(130, 72, 1, 1, 0.10, 0.10, '1', '2025-05-14 10:00:17', '2025-05-14 10:00:17'),
(131, 73, 1, 1, 0.10, 0.10, '1', '2025-05-14 10:02:13', '2025-05-14 10:02:13'),
(132, 74, 1, 1, 0.10, 0.10, '1', '2025-05-14 10:03:15', '2025-05-14 10:03:15'),
(133, 75, 1, 1, 0.10, 0.10, '1', '2025-05-14 10:04:04', '2025-05-14 10:04:04'),
(134, 76, 1, 1, 0.10, 0.10, '1', '2025-05-14 10:05:26', '2025-05-14 10:05:26'),
(135, 77, 1, 1, 0.10, 0.10, '1', '2025-05-14 10:05:48', '2025-05-14 10:05:48'),
(136, 78, 1, 1, 0.10, 0.10, '1', '2025-05-14 10:06:10', '2025-05-14 10:06:10'),
(137, 79, 1, 1, 0.10, 0.10, '1', '2025-05-14 10:06:46', '2025-05-14 10:06:46'),
(138, 80, 1, 1, 0.10, 0.10, '1', '2025-05-14 10:07:23', '2025-05-14 10:07:23'),
(139, 81, 1, 1, 0.10, 0.10, '1', '2025-05-14 10:08:04', '2025-05-14 10:08:04'),
(140, 82, 1, 1, 0.10, 0.10, '1', '2025-05-14 10:08:18', '2025-05-14 10:08:18'),
(141, 83, 1, 1, 0.10, 0.10, '1', '2025-05-14 10:08:30', '2025-05-14 10:08:30'),
(142, 84, 1, 1, 0.10, 0.10, '1', '2025-05-14 10:09:02', '2025-05-14 10:09:02'),
(143, 85, 1, 1, 0.10, 0.10, '1', '2025-05-14 10:10:16', '2025-05-14 10:10:16'),
(144, 86, 1, 1, 0.10, 0.10, '1', '2025-05-14 10:10:37', '2025-05-14 10:10:37'),
(145, 87, 1, 1, 0.10, 0.10, '1', '2025-05-14 10:10:56', '2025-05-14 10:10:56'),
(146, 88, 1, 1, 0.10, 0.10, '1', '2025-05-14 10:11:47', '2025-05-14 10:11:47'),
(147, 89, 1, 1, 0.10, 0.10, '1', '2025-05-14 10:12:32', '2025-05-14 10:12:32'),
(148, 90, 1, 1, 0.10, 0.10, '1', '2025-05-14 10:13:12', '2025-05-14 10:13:12'),
(149, 91, 1, 1, 0.10, 0.10, '1', '2025-05-14 10:14:00', '2025-05-14 10:14:00'),
(150, 92, 1, 1, 0.10, 0.10, '1', '2025-05-14 10:14:20', '2025-05-14 10:14:20'),
(151, 93, 1, 1, 0.10, 0.10, '1', '2025-05-14 10:14:32', '2025-05-14 10:14:32'),
(152, 94, 1, 1, 0.10, 0.10, '1', '2025-05-14 10:15:20', '2025-05-14 10:15:20'),
(153, 94, 2, 1, 0.20, 0.20, '1', '2025-05-14 10:15:20', '2025-05-14 10:15:20'),
(154, 94, 3, 1, 0.32, 0.32, '1', '2025-05-14 10:15:20', '2025-05-14 10:15:20'),
(155, 95, 1, 1, 0.10, 0.10, '1', '2025-05-14 10:16:21', '2025-05-14 10:16:21'),
(156, 95, 2, 1, 0.20, 0.20, '1', '2025-05-14 10:16:21', '2025-05-14 10:16:21'),
(157, 95, 3, 1, 0.32, 0.32, '1', '2025-05-14 10:16:21', '2025-05-14 10:16:21'),
(158, 96, 2, 1, 0.20, 0.20, '1', '2025-05-14 10:16:31', '2025-05-14 10:16:31'),
(159, 96, 3, 1, 0.32, 0.32, '1', '2025-05-14 10:16:31', '2025-05-14 10:16:31'),
(160, 97, 2, 1, 0.20, 0.20, '1', '2025-05-14 10:16:45', '2025-05-14 10:16:45'),
(161, 97, 3, 1, 0.32, 0.32, '1', '2025-05-14 10:16:45', '2025-05-14 10:16:45'),
(162, 98, 2, 1, 0.20, 0.20, '1', '2025-05-14 10:16:53', '2025-05-14 10:16:53'),
(163, 98, 3, 1, 0.32, 0.32, '1', '2025-05-14 10:16:53', '2025-05-14 10:16:53'),
(164, 99, 1, 10, 0.10, 1.00, '1', '2025-05-14 19:11:33', '2025-05-14 19:11:33'),
(165, 100, 1, 10, 0.10, 1.00, '1', '2025-05-14 19:12:01', '2025-05-14 19:12:01'),
(166, 101, 1, 10, 0.10, 1.00, '1', '2025-05-14 19:14:10', '2025-05-14 19:14:10'),
(167, 102, 1, 10, 0.10, 1.00, '1', '2025-05-14 19:14:39', '2025-05-14 19:14:39'),
(168, 103, 1, 10, 0.10, 1.00, '1', '2025-05-14 19:14:57', '2025-05-14 19:14:57'),
(169, 104, 1, 10, 0.10, 1.00, '1', '2025-05-14 19:15:21', '2025-05-14 19:15:21'),
(170, 105, 1, 10, 0.10, 1.00, '1', '2025-05-14 19:16:44', '2025-05-14 19:16:44'),
(171, 106, 1, 10, 0.10, 1.00, '1', '2025-05-14 19:17:20', '2025-05-14 19:17:20'),
(172, 107, 1, 10, 0.10, 1.00, '1', '2025-05-14 19:17:55', '2025-05-14 19:17:55'),
(173, 108, 1, 10, 0.10, 1.00, '1', '2025-05-14 19:18:15', '2025-05-14 19:18:15'),
(174, 109, 1, 10, 0.10, 1.00, '1', '2025-05-14 19:18:24', '2025-05-14 19:18:24'),
(175, 110, 1, 10, 0.10, 1.00, '1', '2025-05-14 19:18:35', '2025-05-14 19:18:35'),
(176, 111, 1, 10, 0.10, 1.00, '1', '2025-05-14 19:18:47', '2025-05-14 19:18:47'),
(177, 112, 3, 1454, 0.32, 465.28, '1', '2025-05-15 10:13:27', '2025-05-15 10:13:27'),
(178, 113, 3, 14652, 0.32, 4688.64, '1', '2025-05-15 10:15:58', '2025-05-15 10:15:58'),
(179, 114, 2, 157, 0.20, 31.40, '1', '2025-05-16 07:56:43', '2025-05-16 07:56:43'),
(180, 115, 2, 1, 0.20, 0.20, '1', '2025-05-16 08:08:04', '2025-05-16 08:08:04'),
(182, 117, 1, 1055, 0.10, 105.50, '1', '2025-05-21 23:34:28', '2025-05-21 23:34:28'),
(183, 118, 1, 10251, 0.10, 1025.10, '1', '2025-05-27 04:33:56', '2025-05-27 04:33:56');

-- --------------------------------------------------------

--
-- Estructura de tabla para la tabla `cache`
--

CREATE TABLE `cache` (
  `key` varchar(255) NOT NULL,
  `value` mediumtext NOT NULL,
  `expiration` int(11) NOT NULL
) ENGINE=InnoDB DEFAULT CHARSET=utf8mb4 COLLATE=utf8mb4_unicode_ci;

-- --------------------------------------------------------

--
-- Estructura de tabla para la tabla `cache_locks`
--

CREATE TABLE `cache_locks` (
  `key` varchar(255) NOT NULL,
  `owner` varchar(255) NOT NULL,
  `expiration` int(11) NOT NULL
) ENGINE=InnoDB DEFAULT CHARSET=utf8mb4 COLLATE=utf8mb4_unicode_ci;

-- --------------------------------------------------------

--
-- Estructura de tabla para la tabla `failed_jobs`
--

CREATE TABLE `failed_jobs` (
  `id` bigint(20) UNSIGNED NOT NULL,
  `uuid` varchar(255) NOT NULL,
  `connection` text NOT NULL,
  `queue` text NOT NULL,
  `payload` longtext NOT NULL,
  `exception` longtext NOT NULL,
  `failed_at` timestamp NOT NULL DEFAULT current_timestamp()
) ENGINE=InnoDB DEFAULT CHARSET=utf8mb4 COLLATE=utf8mb4_unicode_ci;

-- --------------------------------------------------------

--
-- Estructura de tabla para la tabla `jobs`
--

CREATE TABLE `jobs` (
  `id` bigint(20) UNSIGNED NOT NULL,
  `queue` varchar(255) NOT NULL,
  `payload` longtext NOT NULL,
  `attempts` tinyint(3) UNSIGNED NOT NULL,
  `reserved_at` int(10) UNSIGNED DEFAULT NULL,
  `available_at` int(10) UNSIGNED NOT NULL,
  `created_at` int(10) UNSIGNED NOT NULL
) ENGINE=InnoDB DEFAULT CHARSET=utf8mb4 COLLATE=utf8mb4_unicode_ci;

-- --------------------------------------------------------

--
-- Estructura de tabla para la tabla `job_batches`
--

CREATE TABLE `job_batches` (
  `id` varchar(255) NOT NULL,
  `name` varchar(255) NOT NULL,
  `total_jobs` int(11) NOT NULL,
  `pending_jobs` int(11) NOT NULL,
  `failed_jobs` int(11) NOT NULL,
  `failed_job_ids` longtext NOT NULL,
  `options` mediumtext DEFAULT NULL,
  `cancelled_at` int(11) DEFAULT NULL,
  `created_at` int(11) NOT NULL,
  `finished_at` int(11) DEFAULT NULL
) ENGINE=InnoDB DEFAULT CHARSET=utf8mb4 COLLATE=utf8mb4_unicode_ci;

-- --------------------------------------------------------

--
-- Estructura de tabla para la tabla `medicinas`
--

CREATE TABLE `medicinas` (
  `id` bigint(20) UNSIGNED NOT NULL,
  `nombre` varchar(255) NOT NULL,
  `precio` decimal(8,2) NOT NULL,
  `estado` varchar(255) NOT NULL DEFAULT '1',
  `created_at` timestamp NULL DEFAULT NULL,
  `updated_at` timestamp NULL DEFAULT NULL
) ENGINE=InnoDB DEFAULT CHARSET=utf8mb4 COLLATE=utf8mb4_unicode_ci;

--
-- Volcado de datos para la tabla `medicinas`
--

INSERT INTO `medicinas` (`id`, `nombre`, `precio`, `estado`, `created_at`, `updated_at`) VALUES
(1, 'PARACETAMOL', 0.10, '1', '2025-04-25 05:00:00', '2025-04-25 05:00:00'),
(2, 'AMOXICILINA', 0.20, '1', '2025-04-25 05:00:00', '2025-04-25 05:00:00'),
(3, 'OMEPRAZOL', 0.32, '1', '2025-04-25 05:00:00', '2025-04-25 05:00:00');

-- --------------------------------------------------------

--
-- Estructura de tabla para la tabla `migrations`
--

CREATE TABLE `migrations` (
  `id` int(10) UNSIGNED NOT NULL,
  `migration` varchar(255) NOT NULL,
  `batch` int(11) NOT NULL
) ENGINE=InnoDB DEFAULT CHARSET=utf8mb4 COLLATE=utf8mb4_unicode_ci;

--
-- Volcado de datos para la tabla `migrations`
--

INSERT INTO `migrations` (`id`, `migration`, `batch`) VALUES
(16, '0001_01_01_000000_create_users_table', 1),
(17, '0001_01_01_000001_create_cache_table', 1),
(18, '0001_01_01_000002_create_jobs_table', 1),
(19, '2025_04_24_173102_create_pacientes_table', 1),
(20, '2025_04_24_175044_create_medicinas_table', 1),
(23, '2025_04_25_043936_create_acta_entregas_table', 2),
(24, '2025_04_25_050209_create_acta_entrega_detalles_table', 2);

-- --------------------------------------------------------

--
-- Estructura de tabla para la tabla `pacientes`
--

CREATE TABLE `pacientes` (
  `id` varchar(13) NOT NULL,
  `nombre1` varchar(255) NOT NULL,
  `nombre2` varchar(255) NOT NULL,
  `apellido1` varchar(255) NOT NULL,
  `apellido2` varchar(255) NOT NULL,
  `direccion` varchar(255) NOT NULL,
  `telefono` varchar(255) NOT NULL,
  `estado` varchar(255) NOT NULL DEFAULT '1',
  `created_at` timestamp NULL DEFAULT NULL,
  `updated_at` timestamp NULL DEFAULT NULL
) ENGINE=InnoDB DEFAULT CHARSET=utf8mb4 COLLATE=utf8mb4_unicode_ci;

--
-- Volcado de datos para la tabla `pacientes`
--

INSERT INTO `pacientes` (`id`, `nombre1`, `nombre2`, `apellido1`, `apellido2`, `direccion`, `telefono`, `estado`, `created_at`, `updated_at`) VALUES
('0912345678', 'PEDRO', 'JUAN', 'LOPEZ', 'MOTA', 'SALITRE', '0952634189', '1', '2025-04-25 05:00:00', '2025-04-25 05:00:00'),
('0951561075', 'WALTER ', 'ALBERTO', 'ALARCON', 'ALVARADO', 'LOS VERGELES', '0952478965', '1', '2025-04-25 05:00:00', '2025-04-25 05:00:00'),
('0951748596', 'MARIA', 'DE LOS ANGELES', 'MURRIETA', 'VASQUEZ', 'LOS PRADOS', '202548796', '1', '2025-04-25 05:00:00', '2025-04-25 05:00:00');

-- --------------------------------------------------------

--
-- Estructura de tabla para la tabla `password_reset_tokens`
--

CREATE TABLE `password_reset_tokens` (
  `email` varchar(255) NOT NULL,
  `token` varchar(255) NOT NULL,
  `created_at` timestamp NULL DEFAULT NULL
) ENGINE=InnoDB DEFAULT CHARSET=utf8mb4 COLLATE=utf8mb4_unicode_ci;

-- --------------------------------------------------------

--
-- Estructura de tabla para la tabla `sessions`
--

CREATE TABLE `sessions` (
  `id` varchar(255) NOT NULL,
  `user_id` bigint(20) UNSIGNED DEFAULT NULL,
  `ip_address` varchar(45) DEFAULT NULL,
  `user_agent` text DEFAULT NULL,
  `payload` longtext NOT NULL,
  `last_activity` int(11) NOT NULL
) ENGINE=InnoDB DEFAULT CHARSET=utf8mb4 COLLATE=utf8mb4_unicode_ci;

--
-- Volcado de datos para la tabla `sessions`
--

INSERT INTO `sessions` (`id`, `user_id`, `ip_address`, `user_agent`, `payload`, `last_activity`) VALUES
('ECvtwxR0unAGgQqTXHATOJHaqX15yGld1xmTEUwD', NULL, '::1', 'Mozilla/5.0 (Windows NT 10.0; Win64; x64) AppleWebKit/537.36 (KHTML, like Gecko) Chrome/136.0.0.0 Safari/537.36', 'YTozOntzOjY6Il90b2tlbiI7czo0MDoiT2I5NHhSbkxzU2ozMFhvR3R2RjRXSHhnTklmTnRQMDl5c1c3R2dJTyI7czo5OiJfcHJldmlvdXMiO2E6MTp7czozOiJ1cmwiO3M6NDk6Imh0dHA6Ly9sb2NhbGhvc3QvQWN0YV9FbnRyZWdhL3B1YmxpYy9hY3RhL3BkZi8xMTgiO31zOjY6Il9mbGFzaCI7YToyOntzOjM6Im9sZCI7YTowOnt9czozOiJuZXciO2E6MDp7fX19', 1748302437),
('Gke88Cu95wvkUpspqqAZgN1NGc0gFk81VBjphQL6', NULL, '::1', 'Mozilla/5.0 (Windows NT 10.0; Win64; x64) AppleWebKit/537.36 (KHTML, like Gecko) Chrome/136.0.0.0 Safari/537.36', 'YTozOntzOjY6Il90b2tlbiI7czo0MDoiTXBIUVZRajhYWGpqdzRLUmJlcVV3cjJrWUpTTTN6alFkRHIwUTZPSyI7czo5OiJfcHJldmlvdXMiO2E6MTp7czozOiJ1cmwiO3M6MzY6Imh0dHA6Ly9sb2NhbGhvc3QvQWN0YV9FbnRyZWdhL3B1YmxpYyI7fXM6NjoiX2ZsYXNoIjthOjI6e3M6Mzoib2xkIjthOjA6e31zOjM6Im5ldyI7YTowOnt9fX0=', 1747958639),
('k1ytd1hKr9gu1nvK71MPyFDF02KUeeut5PQzEoY7', NULL, '::1', 'Mozilla/5.0 (Windows NT 10.0; Win64; x64) AppleWebKit/537.36 (KHTML, like Gecko) Chrome/136.0.0.0 Safari/537.36', 'YTozOntzOjY6Il90b2tlbiI7czo0MDoiNFl2OEVCUGFzWWxacEF1WFBTVTI2bjNwUmNGcWZQT1A2UVNQMGJ1biI7czo5OiJfcHJldmlvdXMiO2E6MTp7czozOiJ1cmwiO3M6MzY6Imh0dHA6Ly9sb2NhbGhvc3QvQWN0YV9FbnRyZWdhL3B1YmxpYyI7fXM6NjoiX2ZsYXNoIjthOjI6e3M6Mzoib2xkIjthOjA6e31zOjM6Im5ldyI7YTowOnt9fX0=', 1748022591);

--
-- Índices para tablas volcadas
--

--
-- Indices de la tabla `acta_entregas`
--
ALTER TABLE `acta_entregas`
  ADD PRIMARY KEY (`id`),
  ADD KEY `acta_entregas_id_paciente_foreign` (`id_paciente`);

--
-- Indices de la tabla `acta_entrega_detalles`
--
ALTER TABLE `acta_entrega_detalles`
  ADD PRIMARY KEY (`id`),
  ADD KEY `acta_entrega_detalles_id_acta_entrega_foreign` (`id_acta_entrega`),
  ADD KEY `acta_entrega_detalles_id_medicina_foreign` (`id_medicina`);

--
-- Indices de la tabla `cache`
--
ALTER TABLE `cache`
  ADD PRIMARY KEY (`key`);

--
-- Indices de la tabla `cache_locks`
--
ALTER TABLE `cache_locks`
  ADD PRIMARY KEY (`key`);

--
-- Indices de la tabla `failed_jobs`
--
ALTER TABLE `failed_jobs`
  ADD PRIMARY KEY (`id`),
  ADD UNIQUE KEY `failed_jobs_uuid_unique` (`uuid`);

--
-- Indices de la tabla `jobs`
--
ALTER TABLE `jobs`
  ADD PRIMARY KEY (`id`),
  ADD KEY `jobs_queue_index` (`queue`);

--
-- Indices de la tabla `job_batches`
--
ALTER TABLE `job_batches`
  ADD PRIMARY KEY (`id`);

--
-- Indices de la tabla `medicinas`
--
ALTER TABLE `medicinas`
  ADD PRIMARY KEY (`id`);

--
-- Indices de la tabla `migrations`
--
ALTER TABLE `migrations`
  ADD PRIMARY KEY (`id`);

--
-- Indices de la tabla `pacientes`
--
ALTER TABLE `pacientes`
  ADD PRIMARY KEY (`id`);

--
-- Indices de la tabla `password_reset_tokens`
--
ALTER TABLE `password_reset_tokens`
  ADD PRIMARY KEY (`email`);

--
-- Indices de la tabla `sessions`
--
ALTER TABLE `sessions`
  ADD PRIMARY KEY (`id`),
  ADD KEY `sessions_user_id_index` (`user_id`),
  ADD KEY `sessions_last_activity_index` (`last_activity`);

--
-- AUTO_INCREMENT de las tablas volcadas
--

--
-- AUTO_INCREMENT de la tabla `acta_entregas`
--
ALTER TABLE `acta_entregas`
  MODIFY `id` bigint(20) UNSIGNED NOT NULL AUTO_INCREMENT, AUTO_INCREMENT=119;

--
-- AUTO_INCREMENT de la tabla `acta_entrega_detalles`
--
ALTER TABLE `acta_entrega_detalles`
  MODIFY `id` bigint(20) UNSIGNED NOT NULL AUTO_INCREMENT, AUTO_INCREMENT=184;

--
-- AUTO_INCREMENT de la tabla `failed_jobs`
--
ALTER TABLE `failed_jobs`
  MODIFY `id` bigint(20) UNSIGNED NOT NULL AUTO_INCREMENT;

--
-- AUTO_INCREMENT de la tabla `jobs`
--
ALTER TABLE `jobs`
  MODIFY `id` bigint(20) UNSIGNED NOT NULL AUTO_INCREMENT;

--
-- AUTO_INCREMENT de la tabla `medicinas`
--
ALTER TABLE `medicinas`
  MODIFY `id` bigint(20) UNSIGNED NOT NULL AUTO_INCREMENT, AUTO_INCREMENT=4;

--
-- AUTO_INCREMENT de la tabla `migrations`
--
ALTER TABLE `migrations`
  MODIFY `id` int(10) UNSIGNED NOT NULL AUTO_INCREMENT, AUTO_INCREMENT=25;

--
-- Restricciones para tablas volcadas
--

--
-- Filtros para la tabla `acta_entregas`
--
ALTER TABLE `acta_entregas`
  ADD CONSTRAINT `acta_entregas_id_paciente_foreign` FOREIGN KEY (`id_paciente`) REFERENCES `pacientes` (`id`) ON UPDATE CASCADE;

--
-- Filtros para la tabla `acta_entrega_detalles`
--
ALTER TABLE `acta_entrega_detalles`
  ADD CONSTRAINT `acta_entrega_detalles_id_acta_entrega_foreign` FOREIGN KEY (`id_acta_entrega`) REFERENCES `acta_entregas` (`id`) ON UPDATE CASCADE,
  ADD CONSTRAINT `acta_entrega_detalles_id_medicina_foreign` FOREIGN KEY (`id_medicina`) REFERENCES `medicinas` (`id`) ON UPDATE CASCADE;
COMMIT;

/*!40101 SET CHARACTER_SET_CLIENT=@OLD_CHARACTER_SET_CLIENT */;
/*!40101 SET CHARACTER_SET_RESULTS=@OLD_CHARACTER_SET_RESULTS */;
/*!40101 SET COLLATION_CONNECTION=@OLD_COLLATION_CONNECTION */;
